scheduled_id,property_id,begin_date,end_date,type_visit,status
169548,1,2022-01-13T10:00:00-03:00,2022-01-13T12:00:00-03:00,Visit,Cancelled
184763,1,2022-01-26T18:00:00-03:00,2022-01-26T20:00:00-03:00,Visit,Cancelled
186092,1,2022-01-28T12:00:00-03:00,2022-01-28T14:00:00-03:00,Visit,Cancelled
182497,1,2022-01-23T11:00:00-03:00,2022-01-23T13:00:00-03:00,Visit,Cancelled
182396,1,2022-01-23T10:00:00-03:00,2022-01-23T12:00:00-03:00,Visit,Cancelled
174344,1,2022-01-13T15:00:00-03:00,2022-01-13T17:00:00-03:00,Visit,Cancelled
172945,1,2022-01-11T12:00:00-03:00,2022-01-11T14:00:00-03:00,Visit,Cancelled
169547,1,2022-01-13T12:00:00-03:00,2022-01-13T14:00:00-03:00,Visit,Cancelled
169370,1,2022-01-10T12:00:00-03:00,2022-01-10T14:00:00-03:00,Visit,Cancelled
181607,2,2022-01-20T13:00:00-03:00,2022-01-20T15:00:00-03:00,Visit,Done
179000,2,2022-01-20T13:00:00-03:00,2022-01-20T15:00:00-03:00,Visit,Cancelled
177048,3,2022-01-14T19:30:00-03:00,2022-01-14T21:30:00-03:00,Visit,Done
167845,3,2022-01-14T16:00:00-03:00,2022-01-14T18:00:00-03:00,Visit,Cancelled
169262,3,2022-01-13T13:00:00-03:00,2022-01-13T15:00:00-03:00,Visit,Cancelled
172485,3,2022-01-16T19:00:00-03:00,2022-01-16T21:00:00-03:00,Visit,Cancelled
172651,3,2022-01-12T17:30:00-03:00,2022-01-12T19:30:00-03:00,Visit,Cancelled
174750,3,2022-01-14T18:00:00-03:00,2022-01-14T20:00:00-03:00,Visit,Cancelled
166477,3,2022-01-11T16:00:00-03:00,2022-01-11T18:00:00-03:00,Visit,Cancelled
164793,3,2022-01-10T13:00:00-03:00,2022-01-10T15:00:00-03:00,Visit,Done
172624,3,2022-01-13T12:00:00-03:00,2022-01-13T14:00:00-03:00,Visit,Cancelled
163162,3,2022-01-05T13:00:00-03:00,2022-01-05T15:00:00-03:00,Visit,Cancelled
164788,4,2022-01-03T10:00:00-03:00,2022-01-03T12:00:00-03:00,Visit,Cancelled
179126,5,2022-01-20T10:00:00-03:00,2022-01-20T12:00:00-03:00,Visit,Cancelled
179811,5,2022-01-26T10:00:00-03:00,2022-01-26T12:00:00-03:00,Visit,Cancelled
168308,5,2022-01-07T11:00:00-03:00,2022-01-07T13:00:00-03:00,Visit,Done
169044,5,2022-01-14T17:00:00-03:00,2022-01-14T19:00:00-03:00,Visit,Cancelled
173168,5,2022-01-15T18:30:00-03:00,2022-01-15T20:30:00-03:00,Visit,Cancelled
169043,5,2022-01-14T10:00:00-03:00,2022-01-14T12:00:00-03:00,Visit,Cancelled
169343,5,2022-01-10T17:00:00-03:00,2022-01-10T19:00:00-03:00,Visit,Cancelled
171942,5,2022-01-09T16:00:00-03:00,2022-01-09T18:00:00-03:00,Visit,Done
169042,5,2022-01-14T09:00:00-03:00,2022-01-14T11:00:00-03:00,Visit,Cancelled
192374,6,2022-02-05T10:00:00-03:00,2022-02-05T12:00:00-03:00,Visit,Cancelled
192154,6,2022-02-03T10:00:00-03:00,2022-02-03T12:00:00-03:00,Visit,Cancelled
192153,6,2022-02-04T10:00:00-03:00,2022-02-04T12:00:00-03:00,Visit,Cancelled
192151,6,2022-02-03T10:00:00-03:00,2022-02-03T12:00:00-03:00,Visit,Cancelled
172798,7,2022-01-11T21:00:00-03:00,2022-01-11T23:00:00-03:00,Visit,Cancelled
168766,7,2022-01-08T11:00:00-03:00,2022-01-08T13:00:00-03:00,Visit,Cancelled
164792,7,2022-01-10T16:00:00-03:00,2022-01-10T18:00:00-03:00,Visit,Done
160130,8,2022-01-03T11:00:00-03:00,2022-01-03T13:00:00-03:00,Visit,Cancelled
166464,9,2022-01-07T11:00:00-03:00,2022-01-07T13:00:00-03:00,Visit,Cancelled
167371,9,2022-01-10T13:00:00-03:00,2022-01-10T15:00:00-03:00,Visit,Cancelled
165579,9,2022-01-03T21:00:00-03:00,2022-01-03T23:00:00-03:00,Visit,Cancelled
164994,9,2022-01-02T12:00:00-03:00,2022-01-02T14:00:00-03:00,Visit,Cancelled
166201,10,2022-01-05T13:00:00-03:00,2022-01-05T15:00:00-03:00,Visit,Cancelled
163805,10,2022-01-04T19:00:00-03:00,2022-01-04T21:00:00-03:00,Visit,Cancelled
167764,10,2022-01-04T13:00:00-03:00,2022-01-04T15:00:00-03:00,Visit,Done
165340,10,2022-01-05T18:00:00-03:00,2022-01-05T20:00:00-03:00,Visit,Cancelled
186931,11,2022-01-28T12:00:00-03:00,2022-01-28T14:00:00-03:00,Visit,Done
176899,11,2022-01-20T13:00:00-03:00,2022-01-20T15:00:00-03:00,Visit,Cancelled
185996,11,2022-01-29T16:00:00-03:00,2022-01-29T18:00:00-03:00,Visit,Cancelled
184737,11,2022-01-26T17:00:00-03:00,2022-01-26T19:00:00-03:00,Visit,Cancelled
183358,11,2022-01-25T17:00:00-03:00,2022-01-25T19:00:00-03:00,Visit,Done
183770,11,2022-01-23T18:00:00-03:00,2022-01-23T20:00:00-03:00,Visit,Done
182314,11,2022-01-21T18:00:00-03:00,2022-01-21T20:00:00-03:00,Visit,Cancelled
180587,11,2022-01-20T17:00:00-03:00,2022-01-20T19:00:00-03:00,Visit,Cancelled
172086,11,2022-01-12T11:00:00-03:00,2022-01-12T13:00:00-03:00,Visit,Done
177903,12,2022-01-15T19:00:00-03:00,2022-01-15T21:00:00-03:00,Visit,Cancelled
163103,12,2022-01-04T10:00:00-03:00,2022-01-04T12:00:00-03:00,Visit,Cancelled
164182,13,2022-01-10T11:00:00-03:00,2022-01-10T13:00:00-03:00,Visit,Cancelled
164332,13,2022-01-01T16:00:00-03:00,2022-01-01T18:00:00-03:00,Visit,Cancelled
164335,13,2022-01-08T17:00:00-03:00,2022-01-08T19:00:00-03:00,Visit,Cancelled
163756,13,2022-01-02T13:00:00-03:00,2022-01-02T15:00:00-03:00,Visit,Cancelled
165839,14,2022-01-04T20:00:00-03:00,2022-01-04T22:00:00-03:00,Visit,Cancelled
166255,14,2022-01-05T12:00:00-03:00,2022-01-05T14:00:00-03:00,Visit,Cancelled
166293,14,2022-01-08T15:00:00-03:00,2022-01-08T17:00:00-03:00,Visit,Cancelled
165711,14,2022-01-04T13:00:00-03:00,2022-01-04T15:00:00-03:00,Visit,Cancelled
165965,14,2022-01-03T18:00:00-03:00,2022-01-03T20:00:00-03:00,Visit,Cancelled
167010,14,2022-01-11T10:00:00-03:00,2022-01-11T12:00:00-03:00,Visit,Cancelled
165054,14,2022-01-02T16:00:00-03:00,2022-01-02T18:00:00-03:00,Visit,Done
174416,15,2022-01-17T20:00:00-03:00,2022-01-17T22:00:00-03:00,Visit,Cancelled
179631,15,2022-01-18T15:00:00-03:00,2022-01-18T17:00:00-03:00,Visit,Done
162051,15,2022-01-04T12:00:00-03:00,2022-01-04T14:00:00-03:00,Visit,Cancelled
168550,16,2022-01-10T10:00:00-03:00,2022-01-10T12:00:00-03:00,Visit,Cancelled
169163,16,2022-01-10T16:00:00-03:00,2022-01-10T18:00:00-03:00,Visit,Cancelled
170392,16,2022-01-08T13:00:00-03:00,2022-01-08T15:00:00-03:00,Visit,Cancelled
167750,16,2022-01-08T14:00:00-03:00,2022-01-08T16:00:00-03:00,Visit,Cancelled
168617,16,2022-01-08T11:00:00-03:00,2022-01-08T13:00:00-03:00,Visit,Done
168157,16,2022-01-06T11:00:00-03:00,2022-01-06T13:00:00-03:00,Visit,Done
166254,16,2022-01-03T10:00:00-03:00,2022-01-03T12:00:00-03:00,Visit,Done
168433,17,2022-01-05T15:00:00-03:00,2022-01-05T17:00:00-03:00,Visit,Cancelled
174707,17,2022-01-16T17:00:00-03:00,2022-01-16T19:00:00-03:00,Visit,Cancelled
180673,17,2022-01-23T13:00:00-03:00,2022-01-23T15:00:00-03:00,Visit,Cancelled
181058,17,2022-01-21T15:00:00-03:00,2022-01-21T17:00:00-03:00,Visit,Cancelled
182019,17,2022-01-26T10:00:00-03:00,2022-01-26T12:00:00-03:00,Visit,Cancelled
180709,17,2022-01-24T15:00:00-03:00,2022-01-24T17:00:00-03:00,Visit,Cancelled
181051,17,2022-01-20T15:00:00-03:00,2022-01-20T17:00:00-03:00,Visit,Done
183544,18,2022-01-27T12:00:00-03:00,2022-01-27T14:00:00-03:00,Visit,Done
178592,18,2022-01-19T19:00:00-03:00,2022-01-19T21:00:00-03:00,Visit,Done
174591,18,2022-01-17T19:00:00-03:00,2022-01-17T21:00:00-03:00,Visit,Cancelled
171633,18,2022-01-15T11:00:00-03:00,2022-01-15T13:00:00-03:00,Visit,Cancelled
172499,18,2022-01-09T20:00:00-03:00,2022-01-10T03:00:00-03:00,Visit,Done
167017,18,2022-01-09T15:00:00-03:00,2022-01-09T17:00:00-03:00,Visit,Done
167230,18,2022-01-04T10:00:00-03:00,2022-01-04T12:00:00-03:00,Visit,Done
176814,19,2022-01-14T15:00:00-03:00,2022-01-14T17:00:00-03:00,Visit,Done
171368,19,2022-01-18T10:00:00-03:00,2022-01-18T12:00:00-03:00,Visit,Cancelled
174155,19,2022-01-14T12:00:00-03:00,2022-01-14T14:00:00-03:00,Visit,Cancelled
174592,19,2022-01-18T20:00:00-03:00,2022-01-18T22:00:00-03:00,Visit,Cancelled
170376,19,2022-01-09T11:00:00-03:00,2022-01-09T13:00:00-03:00,Visit,Cancelled
166906,19,2022-01-09T17:00:00-03:00,2022-01-09T19:00:00-03:00,Visit,Cancelled
165142,19,2022-01-03T15:00:00-03:00,2022-01-03T17:00:00-03:00,Visit,Cancelled
166495,19,2022-01-03T15:30:00-03:00,2022-01-03T17:30:00-03:00,Visit,Done
170962,20,2022-01-13T16:00:00-03:00,2022-01-13T18:00:00-03:00,Visit,Cancelled
167572,20,2022-01-06T15:00:00-03:00,2022-01-06T17:00:00-03:00,Visit,Cancelled
189638,21,2022-02-02T12:00:00-03:00,2022-02-02T14:00:00-03:00,Visit,Cancelled
189745,21,2022-02-06T14:00:00-03:00,2022-02-06T16:00:00-03:00,Visit,Cancelled
189631,21,2022-02-02T14:00:00-03:00,2022-02-02T16:00:00-03:00,Visit,Cancelled
190404,21,2022-01-31T16:30:00-03:00,2022-01-31T18:30:00-03:00,Visit,Done
186389,21,2022-01-28T16:00:00-03:00,2022-01-28T18:00:00-03:00,Visit,Cancelled
177147,22,2022-01-17T15:00:00-03:00,2022-01-17T17:00:00-03:00,Visit,Cancelled
178427,22,2022-01-22T19:00:00-03:00,2022-01-22T21:00:00-03:00,Visit,Cancelled
179814,22,2022-01-24T17:00:00-03:00,2022-01-24T19:00:00-03:00,Visit,Cancelled
174974,22,2022-01-17T17:00:00-03:00,2022-01-17T19:00:00-03:00,Visit,Done
178688,22,2022-01-17T22:00:00-03:00,2022-01-18T05:00:00-03:00,Visit,Done
175988,22,2022-01-14T12:00:00-03:00,2022-01-14T14:00:00-03:00,Visit,Cancelled
170710,22,2022-01-13T12:30:00-03:00,2022-01-13T14:30:00-03:00,Visit,Done
173602,22,2022-01-12T20:00:00-03:00,2022-01-12T22:00:00-03:00,Visit,Cancelled
172230,22,2022-01-11T10:00:00-03:00,2022-01-11T12:00:00-03:00,Visit,Cancelled
165443,23,2022-01-03T15:00:00-03:00,2022-01-03T17:00:00-03:00,Visit,Cancelled
170214,24,2022-01-09T14:00:00-03:00,2022-01-09T16:00:00-03:00,Visit,Cancelled
172380,24,2022-01-10T18:00:00-03:00,2022-01-10T20:00:00-03:00,Visit,Cancelled
169403,24,2022-01-10T18:00:00-03:00,2022-01-10T20:00:00-03:00,Visit,Cancelled
166948,24,2022-01-11T12:00:00-03:00,2022-01-11T14:00:00-03:00,Visit,Cancelled
167367,24,2022-01-05T20:00:00-03:00,2022-01-05T22:00:00-03:00,Visit,Cancelled
168250,25,2022-01-15T19:00:00-03:00,2022-01-15T21:00:00-03:00,Visit,Cancelled
166811,25,2022-01-12T10:00:00-03:00,2022-01-12T12:00:00-03:00,Visit,Cancelled
172911,25,2022-01-14T13:00:00-03:00,2022-01-14T15:00:00-03:00,Visit,Cancelled
171333,25,2022-01-10T11:00:00-03:00,2022-01-10T13:00:00-03:00,Visit,Done
172166,25,2022-01-10T19:00:00-03:00,2022-01-10T21:00:00-03:00,Visit,Cancelled
166532,25,2022-01-05T15:00:00-03:00,2022-01-05T17:00:00-03:00,Visit,Done
168729,25,2022-01-05T14:00:00-03:00,2022-01-05T16:00:00-03:00,Visit,Done
194501,26,2022-02-12T11:00:00-03:00,2022-02-12T13:00:00-03:00,Visit,Cancelled
195093,26,2022-02-12T14:00:00-03:00,2022-02-12T16:00:00-03:00,Visit,Cancelled
195094,26,2022-02-08T17:00:00-03:00,2022-02-08T19:00:00-03:00,Visit,Cancelled
171833,27,2022-01-11T19:00:00-03:00,2022-01-11T21:00:00-03:00,Visit,Cancelled
180044,27,2022-01-24T11:00:00-03:00,2022-01-24T13:00:00-03:00,Visit,Cancelled
178680,27,2022-01-24T11:10:00-03:00,2022-01-24T13:00:00-03:00,Visit,Cancelled
174332,27,2022-01-24T11:20:00-03:00,2022-01-24T13:00:00-03:00,Visit,Cancelled
182747,27,2022-01-26T12:00:00-03:00,2022-01-26T14:00:00-03:00,Visit,Cancelled
181882,27,2022-01-20T09:30:00-03:00,2022-01-20T11:30:00-03:00,Visit,Done
171627,27,2022-01-18T12:00:00-03:00,2022-01-18T14:00:00-03:00,Visit,Done
176126,27,2022-01-13T17:30:00-03:00,2022-01-13T19:00:00-03:00,Visit,Done
168091,27,2022-01-12T10:00:00-03:00,2022-01-12T12:00:00-03:00,Visit,Cancelled
171831,27,2022-01-11T10:00:00-03:00,2022-01-11T12:00:00-03:00,Visit,Cancelled
179284,28,2022-01-22T16:00:00-03:00,2022-01-22T18:00:00-03:00,Visit,Cancelled
178497,28,2022-01-17T15:30:00-03:00,2022-01-17T18:00:00-03:00,Visit,Done
177764,28,2022-01-17T17:00:00-03:00,2022-01-17T19:00:00-03:00,Visit,Done
199292,29,2022-02-14T19:00:00-03:00,2022-02-14T21:00:00-03:00,Visit,Cancelled
202370,29,2022-02-21T17:00:00-03:00,2022-02-21T19:00:00-03:00,Visit,Cancelled
203114,29,2022-02-19T14:00:00-03:00,2022-02-19T16:00:00-03:00,Visit,Cancelled
199079,29,2022-02-19T12:15:00-03:00,2022-02-19T14:15:00-03:00,Visit,Cancelled
202334,29,2022-02-19T11:00:00-03:00,2022-02-19T13:00:00-03:00,Visit,Done
201690,29,2022-02-19T10:00:00-03:00,2022-02-19T12:00:00-03:00,Visit,Done
198636,29,2022-02-13T14:00:00-03:00,2022-02-13T16:00:00-03:00,Visit,Cancelled
196833,29,2022-02-12T18:00:00-03:00,2022-02-12T20:00:00-03:00,Visit,Done
174753,29,2022-01-15T12:00:00-03:00,2022-01-15T14:00:00-03:00,Visit,Cancelled
182662,30,2022-01-29T16:00:00-03:00,2022-01-29T18:00:00-03:00,Visit,Cancelled
187186,30,2022-01-28T16:00:00-03:00,2022-01-28T18:00:00-03:00,Visit,Cancelled
186923,30,2022-01-27T20:30:00-03:00,2022-01-27T22:00:00-03:00,Visit,Done
179701,30,2022-01-27T15:00:00-03:00,2022-01-27T17:00:00-03:00,Visit,Cancelled
180824,30,2022-01-25T20:00:00-03:00,2022-01-25T21:00:00-03:00,Visit,Cancelled
181858,30,2022-01-20T10:00:00-03:00,2022-01-20T17:00:00-03:00,Visit,Cancelled
180404,30,2022-01-19T19:00:00-03:00,2022-01-19T21:00:00-03:00,Visit,Cancelled
176728,31,2022-01-15T12:00:00-03:00,2022-01-15T14:00:00-03:00,Visit,Cancelled
176284,31,2022-01-17T18:00:00-03:00,2022-01-17T20:00:00-03:00,Visit,Cancelled
176635,31,2022-01-16T16:00:00-03:00,2022-01-16T18:00:00-03:00,Visit,Cancelled
175815,31,2022-01-14T12:00:00-03:00,2022-01-14T14:00:00-03:00,Visit,Done
175042,32,2022-01-14T13:00:00-03:00,2022-01-14T15:00:00-03:00,Visit,Cancelled
175466,32,2022-01-16T14:00:00-03:00,2022-01-16T16:00:00-03:00,Visit,Cancelled
176091,32,2022-01-18T20:00:00-03:00,2022-01-18T22:00:00-03:00,Visit,Cancelled
176671,32,2022-01-19T15:00:00-03:00,2022-01-19T17:00:00-03:00,Visit,Cancelled
174062,32,2022-01-12T10:30:00-03:00,2022-01-12T12:30:00-03:00,Visit,Done
172690,32,2022-01-14T10:00:00-03:00,2022-01-14T12:00:00-03:00,Visit,Done
173486,32,2022-01-14T15:00:00-03:00,2022-01-14T17:00:00-03:00,Visit,Cancelled
193261,33,2022-02-07T10:00:00-03:00,2022-02-07T12:00:00-03:00,Visit,Cancelled
194073,33,2022-02-07T14:00:00-03:00,2022-02-07T16:00:00-03:00,Visit,Done
180266,33,2022-01-30T15:00:00-03:00,2022-01-30T16:00:00-03:00,Visit,Done
187497,33,2022-01-28T14:00:00-03:00,2022-01-28T21:00:00-03:00,Visit,Cancelled
186033,34,2022-01-29T12:00:00-03:00,2022-01-29T14:00:00-03:00,Visit,Cancelled
187080,34,2022-01-28T11:00:00-03:00,2022-01-29T01:00:00-03:00,Visit,Done
186857,34,2022-01-28T11:30:00-03:00,2022-01-28T14:00:00-03:00,Visit,Done
180698,34,2022-01-22T20:00:00-03:00,2022-01-22T22:00:00-03:00,Visit,Cancelled
177506,34,2022-01-23T13:00:00-03:00,2022-01-23T15:00:00-03:00,Visit,Cancelled
178172,34,2022-01-21T18:00:00-03:00,2022-01-21T20:00:00-03:00,Visit,Cancelled
177505,34,2022-01-23T09:00:00-03:00,2022-01-23T11:00:00-03:00,Visit,Cancelled
178395,35,2022-01-23T14:00:00-03:00,2022-01-23T16:00:00-03:00,Visit,Cancelled
178645,35,2022-01-20T17:00:00-03:00,2022-01-20T19:00:00-03:00,Visit,Cancelled
178905,35,2022-01-24T11:00:00-03:00,2022-01-24T13:00:00-03:00,Visit,Cancelled
179134,35,2022-01-20T13:30:00-03:00,2022-01-20T14:30:00-03:00,Visit,Cancelled
178801,35,2022-01-24T17:00:00-03:00,2022-01-24T19:00:00-03:00,Visit,Cancelled
180023,35,2022-01-21T13:00:00-03:00,2022-01-21T15:00:00-03:00,Visit,Cancelled
180057,35,2022-01-25T18:00:00-03:00,2022-01-25T20:00:00-03:00,Visit,Cancelled
180337,35,2022-01-18T19:00:00-03:00,2022-01-18T21:00:00-03:00,Visit,Cancelled
179522,35,2022-01-18T15:30:00-03:00,2022-01-18T18:00:00-03:00,Visit,Done
179106,35,2022-01-18T10:00:00-03:00,2022-01-18T12:00:00-03:00,Visit,Cancelled
178848,36,2022-01-24T13:00:00-03:00,2022-01-24T15:00:00-03:00,Visit,Cancelled
178996,36,2022-01-25T11:00:00-03:00,2022-01-25T13:00:00-03:00,Visit,Cancelled
179708,36,2022-01-24T20:00:00-03:00,2022-01-24T22:00:00-03:00,Visit,Cancelled
179750,36,2022-01-24T18:00:00-03:00,2022-01-24T20:00:00-03:00,Visit,Cancelled
180248,36,2022-01-23T13:00:00-03:00,2022-01-23T15:00:00-03:00,Visit,Cancelled
181278,36,2022-01-20T22:00:00-03:00,2022-01-21T00:00:00-03:00,Visit,Cancelled
181518,36,2022-01-21T13:00:00-03:00,2022-01-21T15:00:00-03:00,Visit,Done
182613,37,2022-01-29T10:00:00-03:00,2022-01-29T12:00:00-03:00,Visit,Cancelled
183439,37,2022-01-25T17:00:00-03:00,2022-01-25T19:00:00-03:00,Visit,Done
181684,37,2022-01-23T17:15:00-03:00,2022-01-23T18:00:00-03:00,Visit,Done
183809,37,2022-01-23T17:10:00-03:00,2022-01-23T19:00:00-03:00,Visit,Done
178712,37,2022-01-23T17:00:00-03:00,2022-01-23T19:00:00-03:00,Visit,Done
179612,38,2022-01-21T16:00:00-03:00,2022-01-21T18:00:00-03:00,Visit,Cancelled
179676,38,2022-01-23T10:00:00-03:00,2022-01-23T12:00:00-03:00,Visit,Cancelled
180112,38,2022-01-21T16:30:00-03:00,2022-01-21T18:30:00-03:00,Visit,Cancelled
180829,38,2022-01-25T13:00:00-03:00,2022-01-25T15:00:00-03:00,Visit,Cancelled
181444,38,2022-01-29T13:00:00-03:00,2022-01-29T15:00:00-03:00,Visit,Cancelled
179211,38,2022-01-18T10:00:00-03:00,2022-01-18T12:00:00-03:00,Visit,Cancelled
177629,38,2022-01-17T14:00:00-03:00,2022-01-17T16:00:00-03:00,Visit,Cancelled
195325,39,2022-02-07T19:30:00-03:00,2022-02-07T21:30:00-03:00,Visit,Done
189967,39,2022-02-03T11:00:00-03:00,2022-02-03T13:00:00-03:00,Visit,Cancelled
189988,39,2022-02-05T10:00:00-03:00,2022-02-05T12:00:00-03:00,Visit,Cancelled
190440,39,2022-02-05T13:00:00-03:00,2022-02-05T15:00:00-03:00,Visit,Cancelled
191119,39,2022-02-02T16:00:00-03:00,2022-02-02T18:00:00-03:00,Visit,Cancelled
190693,39,2022-02-01T14:00:00-03:00,2022-02-01T16:00:00-03:00,Visit,Done
191118,39,2022-02-02T10:00:00-03:00,2022-02-02T12:00:00-03:00,Visit,Cancelled
192980,40,2022-02-05T16:00:00-03:00,2022-02-05T18:00:00-03:00,Visit,Cancelled
202136,40,2022-02-18T14:00:00-03:00,2022-02-18T16:00:00-03:00,Visit,Cancelled
204843,40,2022-02-23T13:00:00-03:00,2022-02-23T15:00:00-03:00,Visit,Cancelled
203294,40,2022-02-26T16:00:00-03:00,2022-02-26T18:00:00-03:00,Visit,Cancelled
208245,40,2022-02-26T12:00:00-03:00,2022-02-26T19:00:00-03:00,Visit,Done
205804,40,2022-02-24T20:07:00-03:00,2022-02-24T21:00:00-03:00,Visit,Done
203419,40,2022-02-21T19:00:00-03:00,2022-02-21T21:00:00-03:00,Visit,Done
197763,40,2022-02-11T14:00:00-03:00,2022-02-11T21:00:00-03:00,Visit,Done
196733,40,2022-02-10T17:00:00-03:00,2022-02-10T19:00:00-03:00,Visit,Done
208846,41,2022-02-28T14:00:00-03:00,2022-02-28T16:00:00-03:00,Visit,Cancelled
204086,41,2022-02-21T12:40:00-03:00,2022-02-21T14:40:00-03:00,Visit,Done
203094,41,2022-02-19T12:00:00-03:00,2022-02-19T14:00:00-03:00,Visit,Done
200977,42,2022-02-16T19:00:00-03:00,2022-02-16T21:00:00-03:00,Visit,Cancelled
200018,42,2022-02-15T18:00:00-03:00,2022-02-15T20:00:00-03:00,Visit,Done
192329,42,2022-02-04T17:00:00-03:00,2022-02-04T19:00:00-03:00,Visit,Cancelled
187902,42,2022-01-31T12:00:00-03:00,2022-01-31T14:00:00-03:00,Visit,Done
198769,43,2022-02-12T15:30:00-03:00,2022-02-12T17:30:00-03:00,Visit,Cancelled
198934,43,2022-02-13T15:00:00-03:00,2022-02-13T17:00:00-03:00,Visit,Done
198923,43,2022-02-13T14:00:00-03:00,2022-02-13T16:00:00-03:00,Visit,Cancelled
198495,43,2022-02-13T14:00:00-03:00,2022-02-13T16:00:00-03:00,Visit,Cancelled
197780,43,2022-02-12T13:04:00-03:00,2022-02-12T15:00:00-03:00,Visit,Done
197777,43,2022-02-12T12:35:00-03:00,2022-02-12T14:00:00-03:00,Visit,Done
195401,43,2022-02-08T13:50:00-03:00,2022-02-08T15:30:00-03:00,Visit,Done
208569,44,2022-02-27T12:00:00-03:00,2022-02-27T14:00:00-03:00,Visit,Cancelled
183442,44,2022-01-26T17:00:00-03:00,2022-01-26T19:00:00-03:00,Visit,Cancelled
193743,44,2022-02-05T14:00:00-03:00,2022-02-05T16:00:00-03:00,Visit,Cancelled
195388,44,2022-02-08T14:05:00-03:00,2022-02-08T16:00:00-03:00,Visit,Done
192323,44,2022-02-04T10:00:00-03:00,2022-02-04T12:00:00-03:00,Visit,Cancelled
192273,44,2022-02-04T10:00:00-03:00,2022-02-04T12:00:00-03:00,Visit,Cancelled
191265,44,2022-02-03T10:00:00-03:00,2022-02-03T12:00:00-03:00,Visit,Done
198741,45,2022-02-13T15:00:00-03:00,2022-02-13T17:00:00-03:00,Visit,Done
197787,45,2022-02-12T12:30:00-03:00,2022-02-12T14:00:00-03:00,Visit,Done
198428,45,2022-02-12T13:30:00-03:00,2022-02-12T15:00:00-03:00,Visit,Done
188162,45,2022-01-29T15:00:00-03:00,2022-01-29T17:00:00-03:00,Visit,Done
205151,46,2022-02-23T12:00:00-03:00,2022-02-23T13:00:00-03:00,Visit,Done
204572,46,2022-02-23T12:00:00-03:00,2022-02-23T19:00:00-03:00,Visit,Cancelled
199745,46,2022-02-16T19:00:00-03:00,2022-02-16T21:00:00-03:00,Visit,Cancelled
197793,46,2022-02-12T12:30:00-03:00,2022-02-12T14:00:00-03:00,Visit,Done
191176,46,2022-02-02T11:30:00-03:00,2022-02-02T13:30:00-03:00,Visit,Done
189110,46,2022-01-31T19:00:00-03:00,2022-01-31T21:00:00-03:00,Visit,Done
186341,46,2022-01-27T18:00:00-03:00,2022-01-27T20:00:00-03:00,Visit,Cancelled
202365,47,2022-02-19T18:30:00-03:00,2022-02-19T20:30:00-03:00,Visit,Cancelled
201023,47,2022-02-18T16:00:00-03:00,2022-02-18T18:00:00-03:00,Visit,Cancelled
199279,47,2022-02-15T11:00:00-03:00,2022-02-15T13:00:00-03:00,Visit,Cancelled
186594,48,2022-01-29T13:40:00-03:00,2022-01-29T15:40:00-03:00,Visit,Done
183113,48,2022-01-26T12:00:00-03:00,2022-01-26T14:00:00-03:00,Visit,Cancelled
183409,48,2022-01-26T11:00:00-03:00,2022-01-26T13:00:00-03:00,Visit,Cancelled
183623,48,2022-01-23T13:30:00-03:00,2022-01-23T15:30:00-03:00,Visit,Cancelled
183182,48,2022-01-23T13:00:00-03:00,2022-01-23T15:00:00-03:00,Visit,Cancelled
193500,49,2022-02-07T19:00:00-03:00,2022-02-07T21:00:00-03:00,Visit,Cancelled
194349,49,2022-02-07T18:00:00-03:00,2022-02-07T20:00:00-03:00,Visit,Cancelled
193839,49,2022-02-06T11:00:00-03:00,2022-02-06T13:00:00-03:00,Visit,Cancelled
194260,49,2022-02-05T19:30:00-03:00,2022-02-05T21:30:00-03:00,Visit,Done
195279,50,2022-02-08T13:00:00-03:00,2022-02-08T15:00:00-03:00,Visit,Cancelled
194573,50,2022-02-07T15:00:00-03:00,2022-02-07T16:00:00-03:00,Visit,Cancelled
195382,50,2022-02-08T12:00:00-03:00,2022-02-08T14:00:00-03:00,Visit,Done
203358,51,2022-02-20T15:00:00-03:00,2022-02-20T17:00:00-03:00,Visit,Cancelled
203618,51,2022-02-21T12:00:00-03:00,2022-02-21T14:00:00-03:00,Visit,Cancelled
203336,51,2022-02-20T17:15:00-03:00,2022-02-20T19:15:00-03:00,Visit,Done
203503,51,2022-02-20T11:00:00-03:00,2022-02-20T13:00:00-03:00,Visit,Done
199377,51,2022-02-16T10:00:00-03:00,2022-02-16T12:00:00-03:00,Visit,Cancelled
199483,51,2022-02-15T18:00:00-03:00,2022-02-15T20:00:00-03:00,Visit,Cancelled
198702,51,2022-02-12T14:00:00-03:00,2022-02-12T16:00:00-03:00,Visit,Done
189996,52,2022-02-02T18:00:00-03:00,2022-02-02T20:00:00-03:00,Visit,Done
191028,53,2022-02-03T16:00:00-03:00,2022-02-03T18:00:00-03:00,Visit,Cancelled
191067,53,2022-02-03T13:00:00-03:00,2022-02-03T15:00:00-03:00,Visit,Cancelled
189979,54,2022-02-02T11:00:00-03:00,2022-02-02T13:00:00-03:00,Visit,Cancelled
190817,54,2022-02-02T13:00:00-03:00,2022-02-02T15:00:00-03:00,Visit,Cancelled
190070,54,2022-02-02T10:00:00-03:00,2022-02-02T12:00:00-03:00,Visit,Cancelled
189772,54,2022-02-01T15:00:00-03:00,2022-02-01T17:00:00-03:00,Visit,Cancelled
194377,55,2022-02-11T09:00:00-03:00,2022-02-11T11:00:00-03:00,Visit,Cancelled
194907,55,2022-02-08T20:00:00-03:00,2022-02-09T03:00:00-03:00,Visit,Cancelled
194871,55,2022-02-07T15:00:00-03:00,2022-02-07T22:00:00-03:00,Visit,Cancelled
194723,55,2022-02-09T22:00:00-03:00,2022-02-10T00:00:00-03:00,Visit,Cancelled
194709,55,2022-02-09T22:00:00-03:00,2022-02-10T00:00:00-03:00,Visit,Cancelled
205168,56,2022-02-22T16:00:00-03:00,2022-02-22T17:00:00-03:00,Visit,Done
191129,56,2022-02-03T19:00:00-03:00,2022-02-03T21:00:00-03:00,Visit,Cancelled
198042,56,2022-02-12T15:00:00-03:00,2022-02-12T17:00:00-03:00,Visit,Done
198147,56,2022-02-12T19:00:00-03:00,2022-02-12T21:00:00-03:00,Visit,Done
197801,56,2022-02-11T11:00:00-03:00,2022-02-11T18:00:00-03:00,Visit,Done
197784,56,2022-02-10T20:45:00-03:00,2022-02-10T22:45:00-03:00,Visit,Done
195026,56,2022-02-08T13:00:00-03:00,2022-02-08T15:00:00-03:00,Visit,Cancelled
190273,56,2022-02-05T16:00:00-03:00,2022-02-05T18:00:00-03:00,Visit,Done
190160,56,2022-02-02T11:00:00-03:00,2022-02-02T13:00:00-03:00,Visit,Cancelled
195321,57,2022-02-08T12:00:00-03:00,2022-02-08T14:00:00-03:00,Visit,Cancelled
197490,57,2022-02-11T09:00:00-03:00,2022-02-11T11:00:00-03:00,Visit,Done
195245,58,2022-02-10T11:00:00-03:00,2022-02-10T13:00:00-03:00,Visit,Done
198032,59,2022-02-13T12:00:00-03:00,2022-02-13T14:00:00-03:00,Visit,Cancelled
198999,59,2022-02-19T12:00:00-03:00,2022-02-19T14:00:00-03:00,Visit,Cancelled
200145,59,2022-02-18T17:00:00-03:00,2022-02-18T19:00:00-03:00,Visit,Cancelled
202297,59,2022-02-19T10:00:00-03:00,2022-02-19T12:00:00-03:00,Visit,Cancelled
200310,59,2022-02-17T18:00:00-03:00,2022-02-17T20:00:00-03:00,Visit,Done
200307,59,2022-02-16T09:00:00-03:00,2022-02-16T11:00:00-03:00,Visit,Cancelled
196660,59,2022-02-13T13:00:00-03:00,2022-02-13T15:00:00-03:00,Visit,Done
192392,60,2022-02-04T10:00:00-03:00,2022-02-04T12:00:00-03:00,Visit,Cancelled
202019,61,2022-02-22T16:00:00-03:00,2022-02-22T18:00:00-03:00,Visit,Cancelled
202026,61,2022-02-17T17:00:00-03:00,2022-02-17T19:00:00-03:00,Visit,Done
198170,61,2022-02-17T17:00:00-03:00,2022-02-17T19:00:00-03:00,Visit,Cancelled
196634,61,2022-02-10T14:00:00-03:00,2022-02-10T21:00:00-03:00,Visit,Done
193748,61,2022-02-06T13:00:00-03:00,2022-02-06T15:00:00-03:00,Visit,Cancelled
193592,61,2022-02-05T15:00:00-03:00,2022-02-05T17:00:00-03:00,Visit,Done
192132,61,2022-02-03T15:45:00-03:00,2022-02-03T19:00:00-03:00,Visit,Done
193326,62,2022-02-07T13:00:00-03:00,2022-02-07T15:00:00-03:00,Visit,Cancelled
193564,62,2022-02-06T18:00:00-03:00,2022-02-06T20:00:00-03:00,Visit,Cancelled
194029,62,2022-02-07T15:00:00-03:00,2022-02-07T17:00:00-03:00,Visit,Cancelled
193224,62,2022-02-06T12:00:00-03:00,2022-02-06T14:00:00-03:00,Visit,Done
193292,62,2022-02-06T13:00:00-03:00,2022-02-06T15:00:00-03:00,Visit,Cancelled
193223,62,2022-02-05T15:00:00-03:00,2022-02-05T17:00:00-03:00,Visit,Cancelled
198758,63,2022-02-12T14:00:00-03:00,2022-02-12T21:00:00-03:00,Visit,Done
196997,63,2022-02-12T14:30:00-03:00,2022-02-12T17:00:00-03:00,Visit,Done
195390,63,2022-02-12T12:00:00-03:00,2022-02-12T14:00:00-03:00,Visit,Done
198457,63,2022-02-13T16:00:00-03:00,2022-02-13T18:00:00-03:00,Visit,Cancelled
197370,63,2022-02-12T14:00:00-03:00,2022-02-12T16:00:00-03:00,Visit,Done
196950,63,2022-02-12T13:00:00-03:00,2022-02-12T15:00:00-03:00,Visit,Done
199526,64,2022-02-14T19:30:00-03:00,2022-02-14T21:30:00-03:00,Visit,Done
198591,64,2022-02-14T22:00:00-03:00,2022-02-15T00:00:00-03:00,Visit,Cancelled
196137,64,2022-02-11T15:30:00-03:00,2022-02-11T17:30:00-03:00,Visit,Done
197182,64,2022-02-10T12:00:00-03:00,2022-02-10T14:00:00-03:00,Visit,Done
203460,65,2022-02-22T20:00:00-03:00,2022-02-22T22:00:00-03:00,Visit,Cancelled
203010,65,2022-02-20T19:00:00-03:00,2022-02-20T21:00:00-03:00,Visit,Done
203100,65,2022-02-20T11:00:00-03:00,2022-02-20T13:00:00-03:00,Visit,Done
203093,65,2022-02-20T10:00:00-03:00,2022-02-20T12:00:00-03:00,Visit,Cancelled
203009,65,2022-02-20T10:00:00-03:00,2022-02-20T12:00:00-03:00,Visit,Cancelled
201788,65,2022-02-17T13:15:00-03:00,2022-02-17T15:15:00-03:00,Visit,Done
200674,65,2022-02-16T18:00:00-03:00,2022-02-16T20:00:00-03:00,Visit,Done
200526,65,2022-02-16T14:00:00-03:00,2022-02-16T16:00:00-03:00,Visit,Cancelled
199887,65,2022-02-15T17:00:00-03:00,2022-02-15T19:00:00-03:00,Visit,Done
198173,66,2022-02-12T16:00:00-03:00,2022-02-12T23:00:00-03:00,Visit,Done
197107,66,2022-02-12T16:00:00-03:00,2022-02-12T18:00:00-03:00,Visit,Cancelled
204423,67,2022-02-25T19:00:00-03:00,2022-02-25T21:00:00-03:00,Visit,Cancelled
204448,67,2022-02-21T20:00:00-03:00,2022-02-21T22:00:00-03:00,Visit,Done
203807,67,2022-02-21T18:00:00-03:00,2022-02-21T20:00:00-03:00,Visit,Cancelled
199426,67,2022-02-17T18:00:00-03:00,2022-02-17T20:00:00-03:00,Visit,Cancelled
199254,67,2022-02-14T12:00:00-03:00,2022-02-14T14:00:00-03:00,Visit,Done
199253,67,2022-02-14T10:00:00-03:00,2022-02-14T12:00:00-03:00,Visit,Cancelled
201165,68,2022-02-19T12:00:00-03:00,2022-02-19T14:00:00-03:00,Visit,Cancelled
207616,68,2022-02-28T19:00:00-03:00,2022-02-28T21:00:00-03:00,Visit,Cancelled
207257,68,2022-02-26T16:30:00-03:00,2022-02-26T18:30:00-03:00,Visit,Done
202381,68,2022-02-19T11:00:00-03:00,2022-02-19T13:00:00-03:00,Visit,Cancelled
200190,68,2022-02-17T12:00:00-03:00,2022-02-17T14:00:00-03:00,Visit,Done
199413,68,2022-02-15T12:00:00-03:00,2022-02-15T14:00:00-03:00,Visit,Cancelled
200483,69,2022-02-20T15:00:00-03:00,2022-02-20T17:00:00-03:00,Visit,Done
202966,69,2022-02-21T16:00:00-03:00,2022-02-21T18:00:00-03:00,Visit,Cancelled
200536,69,2022-02-16T20:00:00-03:00,2022-02-16T22:00:00-03:00,Visit,Cancelled
203748,70,2022-02-21T20:00:00-03:00,2022-02-21T22:00:00-03:00,Visit,Cancelled
204017,70,2022-02-26T17:00:00-03:00,2022-02-26T19:00:00-03:00,Visit,Cancelled
204063,70,2022-02-23T21:00:00-03:00,2022-02-23T23:00:00-03:00,Visit,Cancelled
203434,70,2022-02-21T10:00:00-03:00,2022-02-21T12:00:00-03:00,Visit,Done
203426,70,2022-02-21T10:00:00-03:00,2022-02-21T12:00:00-03:00,Visit,Done
201596,71,2022-02-19T13:00:00-03:00,2022-02-19T15:00:00-03:00,Visit,Cancelled
201649,71,2022-02-19T16:00:00-03:00,2022-02-19T18:00:00-03:00,Visit,Cancelled
202267,71,2022-02-19T18:00:00-03:00,2022-02-19T20:00:00-03:00,Visit,Cancelled
202789,71,2022-02-20T13:00:00-03:00,2022-02-20T15:00:00-03:00,Visit,Cancelled
202227,71,2022-02-21T10:00:00-03:00,2022-02-21T12:00:00-03:00,Visit,Cancelled
200899,71,2022-02-17T20:00:00-03:00,2022-02-17T22:00:00-03:00,Visit,Done
200835,71,2022-02-17T18:00:00-03:00,2022-02-17T20:00:00-03:00,Visit,Cancelled
201973,71,2022-02-18T16:00:00-03:00,2022-02-18T18:00:00-03:00,Visit,Done
202209,71,2022-02-18T16:00:00-03:00,2022-02-18T18:00:00-03:00,Visit,Done
199977,71,2022-02-16T15:00:00-03:00,2022-02-16T17:00:00-03:00,Visit,Done
208177,72,2022-02-26T14:30:00-03:00,2022-02-26T16:00:00-03:00,Visit,Done
203693,73,2022-02-22T12:30:00-03:00,2022-02-22T14:33:00-03:00,Visit,Cancelled
204212,73,2022-02-23T20:00:00-03:00,2022-02-23T22:00:00-03:00,Visit,Cancelled
204362,73,2022-02-22T16:00:00-03:00,2022-02-22T18:00:00-03:00,Visit,Cancelled
204165,73,2022-02-22T12:00:00-03:00,2022-02-22T14:00:00-03:00,Visit,Cancelled
204128,73,2022-02-21T19:30:00-03:00,2022-02-21T21:00:00-03:00,Visit,Done
204149,73,2022-02-21T19:15:00-03:00,2022-02-21T22:00:00-03:00,Visit,Done
203819,73,2022-02-26T13:00:00-03:00,2022-02-26T15:00:00-03:00,Visit,Cancelled
203738,73,2022-02-21T19:00:00-03:00,2022-02-22T02:00:00-03:00,Visit,Done
205760,74,2022-02-24T13:00:00-03:00,2022-02-24T15:00:00-03:00,Visit,Cancelled
206021,74,2022-02-24T15:00:00-03:00,2022-02-24T17:00:00-03:00,Visit,Cancelled
207397,74,2022-02-28T20:00:00-03:00,2022-02-28T22:00:00-03:00,Visit,Cancelled
207530,74,2022-02-28T12:00:00-03:00,2022-02-28T14:00:00-03:00,Visit,Cancelled
207941,74,2022-02-26T14:00:00-03:00,2022-02-26T16:00:00-03:00,Visit,Cancelled
207469,74,2022-02-27T14:00:00-03:00,2022-02-27T16:00:00-03:00,Visit,Cancelled
206016,74,2022-02-24T15:00:00-03:00,2022-02-24T17:00:00-03:00,Visit,Cancelled
206020,74,2022-02-24T15:00:00-03:00,2022-02-24T17:00:00-03:00,Visit,Cancelled
206014,74,2022-02-24T15:00:00-03:00,2022-02-24T17:00:00-03:00,Visit,Cancelled
208242,75,2022-02-28T20:00:00-03:00,2022-02-28T22:00:00-03:00,Visit,Cancelled
208444,76,2022-02-28T21:00:00-03:00,2022-02-28T23:00:00-03:00,Visit,Cancelled
208539,76,2022-02-26T17:30:00-03:00,2022-02-26T18:30:00-03:00,Visit,Done
208512,76,2022-02-26T17:00:00-03:00,2022-02-26T18:00:00-03:00,Visit,Done
207089,76,2022-02-26T10:00:00-03:00,2022-02-26T17:00:00-03:00,Visit,Cancelled
207225,76,2022-02-26T16:00:00-03:00,2022-02-26T18:00:00-03:00,Visit,Done
208116,77,2022-02-28T13:00:00-03:00,2022-02-28T15:00:00-03:00,Visit,Cancelled
208706,77,2022-02-28T15:00:00-03:00,2022-02-28T17:00:00-03:00,Visit,Cancelled
208459,77,2022-02-27T14:00:00-03:00,2022-02-27T16:00:00-03:00,Visit,Cancelled
205870,77,2022-02-24T09:00:00-03:00,2022-02-24T11:00:00-03:00,Visit,Done
205835,77,2022-02-24T09:00:00-03:00,2022-02-24T11:00:00-03:00,Visit,Cancelled
208508,78,2022-02-26T20:00:00-03:00,2022-02-26T22:00:00-03:00,Visit,Cancelled
206296,78,2022-02-25T13:00:00-03:00,2022-02-25T15:00:00-03:00,Visit,Done
205772,78,2022-02-24T18:30:00-03:00,2022-02-24T20:00:00-03:00,Visit,Done
205520,78,2022-02-24T18:00:00-03:00,2022-02-24T20:00:00-03:00,Visit,Done
208286,79,2022-02-28T11:00:00-03:00,2022-02-28T13:00:00-03:00,Visit,Cancelled
208814,79,2022-02-28T15:00:00-03:00,2022-02-28T17:00:00-03:00,Visit,Cancelled
208445,79,2022-02-28T18:00:00-03:00,2022-02-28T20:00:00-03:00,Visit,Cancelled
208740,79,2022-02-27T15:00:00-03:00,2022-02-27T17:00:00-03:00,Visit,Cancelled
208613,80,2022-02-28T16:00:00-03:00,2022-02-28T18:00:00-03:00,Visit,Cancelled
208582,80,2022-02-28T18:00:00-03:00,2022-02-28T20:00:00-03:00,Visit,Cancelled
208926,80,2022-02-28T17:00:00-03:00,2022-02-28T19:00:00-03:00,Visit,Cancelled
208629,80,2022-02-27T16:00:00-03:00,2022-02-27T18:00:00-03:00,Visit,Done
208045,80,2022-02-27T16:00:00-03:00,2022-02-27T18:00:00-03:00,Visit,Done
208611,80,2022-02-28T20:00:00-03:00,2022-02-28T22:00:00-03:00,Visit,Cancelled
207460,80,2022-02-26T17:00:00-03:00,2022-02-26T19:00:00-03:00,Visit,Done
208040,80,2022-02-27T12:00:00-03:00,2022-02-27T14:00:00-03:00,Visit,Cancelled
207996,80,2022-02-27T12:00:00-03:00,2022-02-27T14:00:00-03:00,Visit,Cancelled
